{
  "total_images": 600,
  "avg_follicle_count": 23.285,
  "avg_infected": 26.205020920502093,
  "avg_noninfected": 11.844262295081966,
  "pcos_by_count": 461,
  "seg_time_s": 9048.7
}